subject_id,stage,time_point,sweat_UA,sweat_UA_sensor,sweat_UA_censored,sweat_rate,sweat_pH,BMI,sex,age,eGFR,creatinine,BUN,fat_mass,muscle_mass,BMR,blood_glucose,blood_UA
1,T0,0,34.29,35.68,False,0.719,6.08,29.0,F,46.7,78.3,80.6,10.12,17.58,33.85,1351.0,95.2,292.97
1,T1,40,46.72,43.06,False,1.285,5.54,29.0,F,46.7,78.3,80.6,10.12,17.58,33.85,1351.0,95.2,321.92
1,T2,70,52.62,53.01,False,0.823,6.04,29.0,F,46.7,78.3,80.6,10.12,17.58,33.85,1351.0,95.2,329.34
2,T0,0,48.67,52.17,False,0.681,6.01,30.52,M,47.8,89.5,91.2,14.31,20.35,38.03,1681.7,101.7,379.02
2,T1,40,30.09,30.11,False,1.238,5.63,30.52,M,47.8,89.5,91.2,14.31,20.35,38.03,1681.7,101.7,389.77
2,T2,70,51.82,55.65,False,0.413,5.88,30.52,M,47.8,89.5,91.2,14.31,20.35,38.03,1681.7,101.7,411.41
3,T0,0,44.34,44.32,False,0.504,6.13,29.43,M,46.6,116.1,59.4,9.35,16.9,37.91,1629.4,97.0,434.77
3,T1,40,48.53,50.1,False,1.186,5.81,29.43,M,46.6,116.1,59.4,9.35,16.9,37.91,1629.4,97.0,451.99
3,T2,70,30.71,27.32,False,0.734,5.33,29.43,M,46.6,116.1,59.4,9.35,16.9,37.91,1629.4,97.0,446.4
4,T0,0,50.69,48.35,False,0.461,5.48,31.2,F,40.1,90.6,73.8,7.55,28.45,27.21,1349.4,93.2,406.06
4,T1,40,43.78,44.95,False,1.266,5.43,31.2,F,40.1,90.6,73.8,7.55,28.45,27.21,1349.4,93.2,423.8
4,T2,70,35.75,30.62,False,1.043,5.42,31.2,F,40.1,90.6,73.8,7.55,28.45,27.21,1349.4,93.2,414.48
5,T0,0,31.83,31.63,False,0.488,5.76,20.12,F,30.9,54.4,118.5,23.66,11.29,20.17,1179.7,88.7,253.71
5,T1,40,31.36,32.69,False,0.764,5.74,20.12,F,30.9,54.4,118.5,23.66,11.29,20.17,1179.7,88.7,255.18
5,T2,70,30.43,29.59,False,0.513,5.63,20.12,F,30.9,54.4,118.5,23.66,11.29,20.17,1179.7,88.7,259.77
6,T0,0,89.46,93.51,False,0.532,6.07,27.54,M,66.2,84.4,87.0,10.63,18.8,33.94,1508.4,85.9,344.23
6,T1,40,33.9,38.69,False,1.888,5.69,27.54,M,66.2,84.4,87.0,10.63,18.8,33.94,1508.4,85.9,370.0
6,T2,70,53.57,61.13,False,0.673,6.44,27.54,M,66.2,84.4,87.0,10.63,18.8,33.94,1508.4,85.9,367.32
7,T0,0,15.72,17.99,False,0.351,6.02,27.35,F,35.5,128.0,40.0,5.3,22.9,29.73,1518.2,84.5,173.28
7,T1,40,14.19,12.0,False,1.296,5.53,27.35,F,35.5,128.0,40.0,5.3,22.9,29.73,1518.2,84.5,190.98
7,T2,70,25.25,27.1,False,0.796,6.78,27.35,F,35.5,128.0,40.0,5.3,22.9,29.73,1518.2,84.5,182.34
8,T0,0,13.52,12.84,False,0.869,5.43,30.82,F,30.7,94.7,74.7,7.38,22.41,28.93,1281.7,89.8,245.73
8,T1,40,10.04,12.1,False,1.47,6.34,30.82,F,30.7,94.7,74.7,7.38,22.41,28.93,1281.7,89.8,275.79
8,T2,70,13.52,11.95,False,0.723,5.44,30.82,F,30.7,94.7,74.7,7.38,22.41,28.93,1281.7,89.8,277.69
9,T0,0,70.44,73.17,False,0.383,6.42,26.62,F,55.9,98.7,63.4,9.42,20.15,27.31,1269.9,93.7,471.98
9,T1,40,59.37,57.25,False,0.961,5.69,26.62,F,55.9,98.7,63.4,9.42,20.15,27.31,1269.9,93.7,517.73
9,T2,70,35.36,40.09,False,0.781,6.42,26.62,F,55.9,98.7,63.4,9.42,20.15,27.31,1269.9,93.7,515.41
10,T0,0,70.71,76.87,False,0.727,6.07,27.31,M,48.2,108.8,71.3,9.52,15.05,42.16,1878.1,84.5,369.46
10,T1,40,36.59,40.41,False,1.106,6.17,27.31,M,48.2,108.8,71.3,9.52,15.05,42.16,1878.1,84.5,389.72
10,T2,70,32.33,31.23,False,1.114,6.08,27.31,M,48.2,108.8,71.3,9.52,15.05,42.16,1878.1,84.5,398.31
11,T0,0,27.76,29.89,False,0.612,6.51,23.2,F,59.7,94.5,64.4,9.55,14.03,22.72,985.8,102.4,360.81
11,T1,40,32.79,36.35,False,1.479,6.03,23.2,F,59.7,94.5,64.4,9.55,14.03,22.72,985.8,102.4,373.88
11,T2,70,38.06,38.88,False,0.804,5.6,23.2,F,59.7,94.5,64.4,9.55,14.03,22.72,985.8,102.4,364.12
12,T0,0,91.65,85.3,False,0.519,5.27,31.93,M,44.6,86.9,95.1,12.94,21.61,37.18,1731.3,109.6,518.11
12,T1,40,49.31,46.58,False,0.912,5.31,31.93,M,44.6,86.9,95.1,12.94,21.61,37.18,1731.3,109.6,516.21
12,T2,70,69.56,75.42,False,0.3,6.04,31.93,M,44.6,86.9,95.1,12.94,21.61,37.18,1731.3,109.6,520.46
13,T0,0,35.77,34.66,False,0.356,5.49,28.12,M,64.1,77.4,94.6,11.82,18.37,33.24,1530.9,101.8,414.97
13,T1,40,50.94,52.97,False,1.731,6.13,28.12,M,64.1,77.4,94.6,11.82,18.37,33.24,1530.9,101.8,453.56
13,T2,70,62.77,64.8,False,0.454,5.68,28.12,M,64.1,77.4,94.6,11.82,18.37,33.24,1530.9,101.8,449.17
14,T0,0,30.69,35.43,False,0.604,6.41,27.9,M,53.4,107.9,65.7,7.53,12.8,37.91,1680.5,85.7,343.82
14,T1,40,35.06,38.18,False,1.484,5.68,27.9,M,53.4,107.9,65.7,7.53,12.8,37.91,1680.5,85.7,375.99
14,T2,70,34.68,32.47,False,0.965,5.56,27.9,M,53.4,107.9,65.7,7.53,12.8,37.91,1680.5,85.7,370.75
15,T0,0,36.62,46.14,False,0.499,6.35,21.53,M,52.4,77.5,100.4,11.13,9.97,28.34,1530.9,92.6,380.38
15,T1,40,36.7,36.95,False,1.382,5.96,21.53,M,52.4,77.5,100.4,11.13,9.97,28.34,1530.9,92.6,406.48
15,T2,70,45.46,49.88,False,0.883,6.26,21.53,M,52.4,77.5,100.4,11.13,9.97,28.34,1530.9,92.6,390.01
16,T0,0,38.72,41.21,False,0.466,6.15,24.66,M,58.2,78.8,96.2,11.18,8.69,29.53,1413.7,79.6,206.64
16,T1,40,40.28,43.55,False,1.471,5.97,24.66,M,58.2,78.8,96.2,11.18,8.69,29.53,1413.7,79.6,226.78
16,T2,70,63.09,67.79,False,1.017,5.78,24.66,M,58.2,78.8,96.2,11.18,8.69,29.53,1413.7,79.6,214.95
17,T0,0,34.52,36.28,False,0.426,6.08,24.55,M,47.8,124.2,46.2,7.94,12.52,30.27,1505.4,86.6,414.42
17,T1,40,29.55,33.76,False,1.597,5.93,24.55,M,47.8,124.2,46.2,7.94,12.52,30.27,1505.4,86.6,420.78
17,T2,70,23.95,22.25,False,0.689,5.66,24.55,M,47.8,124.2,46.2,7.94,12.52,30.27,1505.4,86.6,428.23
18,T0,0,30.94,29.16,False,0.578,5.45,22.94,F,54.0,97.3,64.8,10.22,17.64,24.62,1214.6,92.6,187.22
18,T1,40,17.68,17.63,False,0.945,5.76,22.94,F,54.0,97.3,64.8,10.22,17.64,24.62,1214.6,92.6,196.63
18,T2,70,19.38,21.29,False,0.797,6.46,22.94,F,54.0,97.3,64.8,10.22,17.64,24.62,1214.6,92.6,211.2
19,T0,0,48.82,43.31,False,0.617,5.36,23.92,M,59.5,86.3,88.5,10.51,15.79,32.66,1460.5,104.1,370.0
19,T1,40,48.65,45.82,False,1.068,5.38,23.92,M,59.5,86.3,88.5,10.51,15.79,32.66,1460.5,104.1,383.94
19,T2,70,42.2,41.99,False,0.756,6.01,23.92,M,59.5,86.3,88.5,10.51,15.79,32.66,1460.5,104.1,378.37
20,T0,0,49.89,52.94,False,0.326,6.26,18.5,F,39.0,125.2,40.0,5.0,16.87,19.74,1202.4,82.1,211.11
20,T1,40,29.75,32.91,False,0.744,5.97,18.5,F,39.0,125.2,40.0,5.0,16.87,19.74,1202.4,82.1,224.1
20,T2,70,21.74,23.42,False,0.867,5.99,18.5,F,39.0,125.2,40.0,5.0,16.87,19.74,1202.4,82.1,211.48
21,T0,0,22.68,25.85,False,0.352,6.3,22.39,F,58.6,107.7,45.2,7.39,13.45,23.39,991.8,86.4,124.29
21,T1,40,17.42,16.67,False,1.636,5.91,22.39,F,58.6,107.7,45.2,7.39,13.45,23.39,991.8,86.4,157.7
21,T2,70,16.1,16.98,False,1.05,5.68,22.39,F,58.6,107.7,45.2,7.39,13.45,23.39,991.8,86.4,168.05
22,T0,0,34.06,37.5,False,0.413,6.19,22.87,F,33.9,94.0,73.9,12.93,10.18,21.67,1030.6,85.7,202.72
22,T1,40,17.89,17.62,False,1.346,5.69,22.87,F,33.9,94.0,73.9,12.93,10.18,21.67,1030.6,85.7,223.84
22,T2,70,18.21,21.18,False,0.731,6.31,22.87,F,33.9,94.0,73.9,12.93,10.18,21.67,1030.6,85.7,225.95
23,T0,0,87.38,88.2,False,0.25,6.39,21.44,M,65.4,82.5,89.1,11.61,11.32,25.77,1293.0,93.8,409.41
23,T1,40,39.58,39.05,False,1.979,5.79,21.44,M,65.4,82.5,89.1,11.61,11.32,25.77,1293.0,93.8,458.79
23,T2,70,71.05,83.59,False,1.16,6.43,21.44,M,65.4,82.5,89.1,11.61,11.32,25.77,1293.0,93.8,445.91
24,T0,0,39.28,41.98,False,0.588,6.43,28.54,F,38.2,124.5,41.8,5.9,25.67,28.14,1462.1,88.6,186.59
24,T1,40,41.12,43.47,False,0.894,5.86,28.54,F,38.2,124.5,41.8,5.9,25.67,28.14,1462.1,88.6,213.17
24,T2,70,31.7,28.88,False,0.759,5.84,28.54,F,38.2,124.5,41.8,5.9,25.67,28.14,1462.1,88.6,218.1
25,T0,0,28.48,28.87,False,0.715,5.87,18.85,M,55.2,77.7,98.8,13.51,10.68,24.52,1415.1,79.8,324.23
25,T1,40,27.88,26.53,False,1.439,5.56,18.85,M,55.2,77.7,98.8,13.51,10.68,24.52,1415.1,79.8,334.46
25,T2,70,56.41,47.97,False,0.522,5.8,18.85,M,55.2,77.7,98.8,13.51,10.68,24.52,1415.1,79.8,343.59
26,T0,0,44.28,47.99,False,0.826,5.78,25.53,F,44.4,54.9,109.7,11.95,10.99,32.96,1391.7,88.4,329.22
26,T1,40,31.47,38.69,False,1.478,6.84,25.53,F,44.4,54.9,109.7,11.95,10.99,32.96,1391.7,88.4,333.04
26,T2,70,30.32,31.9,False,0.932,5.88,25.53,F,44.4,54.9,109.7,11.95,10.99,32.96,1391.7,88.4,329.39
27,T0,0,38.62,37.85,False,0.399,6.25,22.07,M,66.3,100.4,63.9,10.84,10.4,26.39,1278.7,79.9,357.65
27,T1,40,34.96,31.09,False,1.314,5.76,22.07,M,66.3,100.4,63.9,10.84,10.4,26.39,1278.7,79.9,370.58
27,T2,70,29.33,28.28,False,0.808,6.33,22.07,M,66.3,100.4,63.9,10.84,10.4,26.39,1278.7,79.9,365.16
28,T0,0,32.01,35.75,False,0.457,6.71,26.15,F,36.3,115.3,60.5,9.46,21.54,24.19,1261.6,77.4,314.51
28,T1,40,24.12,28.28,False,1.489,5.92,26.15,F,36.3,115.3,60.5,9.46,21.54,24.19,1261.6,77.4,318.8
28,T2,70,24.07,20.68,False,1.023,5.19,26.15,F,36.3,115.3,60.5,9.46,21.54,24.19,1261.6,77.4,331.18
29,T0,0,76.87,88.25,False,0.537,6.29,25.32,F,48.6,80.3,78.1,11.77,17.52,27.04,1281.3,102.8,451.15
29,T1,40,47.89,41.7,False,1.451,5.61,25.32,F,48.6,80.3,78.1,11.77,17.52,27.04,1281.3,102.8,494.79
29,T2,70,44.27,48.88,False,0.84,6.06,25.32,F,48.6,80.3,78.1,11.77,17.52,27.04,1281.3,102.8,473.7
30,T0,0,56.47,53.47,False,0.508,5.94,27.63,F,58.5,78.3,75.8,10.19,23.82,30.25,1330.0,83.6,342.49
30,T1,40,48.25,41.04,False,1.206,5.3,27.63,F,58.5,78.3,75.8,10.19,23.82,30.25,1330.0,83.6,366.59
30,T2,70,38.59,39.44,False,0.825,6.11,27.63,F,58.5,78.3,75.8,10.19,23.82,30.25,1330.0,83.6,365.07
31,T0,0,48.95,50.39,False,0.645,5.94,33.18,M,66.0,77.5,93.6,13.01,31.02,42.42,1906.0,103.1,536.28
31,T1,40,36.68,36.89,False,0.918,6.38,33.18,M,66.0,77.5,93.6,13.01,31.02,42.42,1906.0,103.1,564.2
31,T2,70,52.39,53.92,False,0.695,5.81,33.18,M,66.0,77.5,93.6,13.01,31.02,42.42,1906.0,103.1,563.59
32,T0,0,35.93,35.29,False,0.698,5.73,24.54,F,56.7,57.3,99.2,16.55,14.36,21.67,1018.2,94.6,340.08
32,T1,40,20.02,17.98,False,1.386,5.49,24.54,F,56.7,57.3,99.2,16.55,14.36,21.67,1018.2,94.6,372.06
32,T2,70,40.08,40.32,False,0.502,5.9,24.54,F,56.7,57.3,99.2,16.55,14.36,21.67,1018.2,94.6,372.42
33,T0,0,31.05,27.8,False,0.538,5.9,26.47,F,41.0,98.2,68.7,12.28,19.41,27.75,1435.2,86.4,313.35
33,T1,40,29.95,34.62,False,1.812,6.63,26.47,F,41.0,98.2,68.7,12.28,19.41,27.75,1435.2,86.4,316.22
33,T2,70,32.3,31.68,False,0.762,5.95,26.47,F,41.0,98.2,68.7,12.28,19.41,27.75,1435.2,86.4,319.04
34,T0,0,65.6,63.66,False,0.64,6.12,26.03,M,51.0,76.0,102.9,18.07,18.67,34.68,1635.2,97.7,507.53
34,T1,40,61.16,65.03,False,1.644,6.21,26.03,M,51.0,76.0,102.9,18.07,18.67,34.68,1635.2,97.7,546.12
34,T2,70,79.64,80.43,False,0.977,5.73,26.03,M,51.0,76.0,102.9,18.07,18.67,34.68,1635.2,97.7,539.39
35,T0,0,62.82,66.94,False,0.743,5.94,25.26,M,59.4,100.7,73.1,5.0,21.41,28.5,1498.1,85.8,373.61
35,T1,40,64.51,64.85,False,0.649,5.75,25.26,M,59.4,100.7,73.1,5.0,21.41,28.5,1498.1,85.8,372.41
35,T2,70,78.22,78.82,False,0.956,5.93,25.26,M,59.4,100.7,73.1,5.0,21.41,28.5,1498.1,85.8,400.61
36,T0,0,72.36,71.1,False,0.488,5.85,31.89,M,63.3,99.3,70.6,8.93,16.71,33.53,1369.8,86.8,374.32
36,T1,40,90.77,87.96,False,0.79,5.64,31.89,M,63.3,99.3,70.6,8.93,16.71,33.53,1369.8,86.8,373.72
36,T2,70,97.12,102.58,False,0.59,6.17,31.89,M,63.3,99.3,70.6,8.93,16.71,33.53,1369.8,86.8,382.58
37,T0,0,31.0,30.68,False,0.477,6.13,32.13,M,63.8,60.0,117.2,21.01,27.62,41.14,1871.0,89.6,418.44
37,T1,40,25.98,24.05,False,2.149,5.67,32.13,M,63.8,60.0,117.2,21.01,27.62,41.14,1871.0,89.6,457.21
37,T2,70,17.49,17.1,False,0.474,5.35,32.13,M,63.8,60.0,117.2,21.01,27.62,41.14,1871.0,89.6,446.3
38,T0,0,21.39,23.89,False,0.599,5.67,29.13,F,50.0,96.9,66.3,10.46,23.45,25.62,1302.1,101.0,290.03
38,T1,40,20.49,22.3,False,1.0,6.44,29.13,F,50.0,96.9,66.3,10.46,23.45,25.62,1302.1,101.0,311.73
38,T2,70,26.17,23.68,False,0.716,5.38,29.13,F,50.0,96.9,66.3,10.46,23.45,25.62,1302.1,101.0,288.18
39,T0,0,42.98,48.69,False,0.649,6.17,29.1,F,42.2,63.5,98.3,13.59,28.92,24.96,1340.7,101.9,335.92
39,T1,40,31.42,31.82,False,1.132,5.83,29.1,F,42.2,63.5,98.3,13.59,28.92,24.96,1340.7,101.9,367.25
39,T2,70,47.99,42.37,False,0.316,5.32,29.1,F,42.2,63.5,98.3,13.59,28.92,24.96,1340.7,101.9,375.82
40,T0,0,13.98,8.67,False,0.558,5.23,29.3,F,44.2,121.3,40.0,6.1,22.25,29.5,1359.1,102.8,160.71
40,T1,40,8.0,5.64,True,1.782,4.68,29.3,F,44.2,121.3,40.0,6.1,22.25,29.5,1359.1,102.8,176.71
40,T2,70,13.47,15.93,False,0.863,6.53,29.3,F,44.2,121.3,40.0,6.1,22.25,29.5,1359.1,102.8,189.42
41,T0,0,53.93,62.77,False,0.591,6.1,25.91,M,55.4,94.3,83.9,7.26,15.57,28.76,1476.2,92.7,466.66
41,T1,40,31.94,34.8,False,1.071,5.98,25.91,M,55.4,94.3,83.9,7.26,15.57,28.76,1476.2,92.7,463.44
41,T2,70,34.41,36.44,False,0.604,6.27,25.91,M,55.4,94.3,83.9,7.26,15.57,28.76,1476.2,92.7,468.27
42,T0,0,85.53,83.48,False,0.607,5.55,33.65,M,32.3,120.9,69.7,8.8,28.82,40.85,1938.1,93.9,442.74
42,T1,40,48.63,44.55,False,1.492,5.17,33.65,M,32.3,120.9,69.7,8.8,28.82,40.85,1938.1,93.9,459.19
42,T2,70,31.33,31.06,False,1.045,6.27,33.65,M,32.3,120.9,69.7,8.8,28.82,40.85,1938.1,93.9,455.51
43,T0,0,38.66,35.11,False,0.636,5.45,21.65,M,33.4,80.0,108.0,13.24,8.89,31.24,1543.3,90.9,241.92
43,T1,40,31.88,32.03,False,1.593,5.79,21.65,M,33.4,80.0,108.0,13.24,8.89,31.24,1543.3,90.9,277.29
43,T2,70,58.69,74.58,False,0.436,6.43,21.65,M,33.4,80.0,108.0,13.24,8.89,31.24,1543.3,90.9,303.35
44,T0,0,41.26,39.64,False,0.411,5.69,25.13,F,44.4,78.2,81.7,8.72,18.32,24.8,1328.1,98.9,401.9
44,T1,40,47.06,49.73,False,0.913,6.26,25.13,F,44.4,78.2,81.7,8.72,18.32,24.8,1328.1,98.9,408.31
44,T2,70,84.88,95.44,False,0.808,6.71,25.13,F,44.4,78.2,81.7,8.72,18.32,24.8,1328.1,98.9,433.39
45,T0,0,21.95,18.3,False,0.698,5.94,24.42,F,54.6,75.4,79.8,15.48,17.87,28.11,1444.0,95.6,422.06
45,T1,40,14.69,17.35,False,1.744,5.66,24.42,F,54.6,75.4,79.8,15.48,17.87,28.11,1444.0,95.6,434.95
45,T2,70,39.86,45.84,False,0.672,6.53,24.42,F,54.6,75.4,79.8,15.48,17.87,28.11,1444.0,95.6,423.87
46,T0,0,13.01,15.63,False,0.377,6.25,29.51,F,36.7,106.9,65.5,8.83,22.63,25.28,1305.1,88.7,225.45
46,T1,40,9.2,10.65,False,1.276,5.96,29.51,F,36.7,106.9,65.5,8.83,22.63,25.28,1305.1,88.7,244.48
46,T2,70,8.0,7.59,True,0.86,6.2,29.51,F,36.7,106.9,65.5,8.83,22.63,25.28,1305.1,88.7,244.14
47,T0,0,25.98,28.58,False,0.633,6.05,18.5,M,54.4,103.4,74.2,8.97,3.97,25.1,1238.4,96.7,446.35
47,T1,40,30.13,30.56,False,0.759,5.58,18.5,M,54.4,103.4,74.2,8.97,3.97,25.1,1238.4,96.7,468.0
47,T2,70,12.24,13.09,False,1.023,5.76,18.5,M,54.4,103.4,74.2,8.97,3.97,25.1,1238.4,96.7,463.07
48,T0,0,29.05,29.73,False,0.378,5.68,23.67,M,32.2,124.6,63.2,10.59,9.18,32.41,1547.6,95.6,303.77
48,T1,40,30.28,25.67,False,1.359,5.68,23.67,M,32.2,124.6,63.2,10.59,9.18,32.41,1547.6,95.6,316.24
48,T2,70,35.64,31.65,False,0.956,5.09,23.67,M,32.2,124.6,63.2,10.59,9.18,32.41,1547.6,95.6,330.9
49,T0,0,54.82,58.68,False,0.598,6.03,19.52,M,45.0,112.2,68.8,5.73,9.48,21.17,1180.2,73.8,323.73
49,T1,40,53.3,53.28,False,0.852,5.78,19.52,M,45.0,112.2,68.8,5.73,9.48,21.17,1180.2,73.8,345.88
49,T2,70,37.89,37.49,False,0.808,5.81,19.52,M,45.0,112.2,68.8,5.73,9.48,21.17,1180.2,73.8,334.14
50,T0,0,76.91,73.05,False,0.712,5.5,27.3,M,62.2,79.5,93.5,15.74,19.73,31.05,1502.8,97.8,529.32
50,T1,40,99.68,101.0,False,0.732,6.26,27.3,M,62.2,79.5,93.5,15.74,19.73,31.05,1502.8,97.8,536.37
50,T2,70,83.57,81.28,False,0.88,5.36,27.3,M,62.2,79.5,93.5,15.74,19.73,31.05,1502.8,97.8,508.51
