model,metric,point,ci_low,ci_high,n_boot,n_subjects,seed
Simple,mae,72.15617969972324,60.481449920346904,85.62616160601121,1000,50,42
Simple,r2,0.22339074903808365,-0.012737254196760086,0.3710042900898518,1000,50,42
Multi,mae,70.80882356852383,58.77073220241945,84.27718600578613,1000,50,42
Multi,r2,0.24256219660703549,-0.00761494392296792,0.3997883327441611,1000,50,42
Ridge,mae,70.42754136037202,55.68795371009266,86.57377667916056,1000,50,42
Ridge,r2,0.18188855724409092,-0.32649747989156147,0.4789461970793783,1000,50,42
Lasso,mae,70.73291060009834,55.963486747799884,86.90822729553489,1000,50,42
Lasso,r2,0.1715591622497601,-0.34515201807900553,0.4691741564016991,1000,50,42
Causal_ML,mae,63.240890067490305,49.35900802495652,78.36036221188002,1000,50,42
Causal_ML,r2,0.3058093128563554,-0.12496568697732865,0.5635863232941186,1000,50,42
Negative_Control,mae,68.97629684794279,54.948394377693134,85.83733465104928,1000,50,42
Negative_Control,r2,0.23717656172561952,-0.1843790500963072,0.5008260800355875,1000,50,42
Negative_Control_Dynamic,mae,68.89635205936992,54.836981489301735,85.82997748022387,1000,50,42
Negative_Control_Dynamic,r2,0.23432727194792236,-0.19161094098619194,0.49789010181285864,1000,50,42
