model,fold,n_train,n_test,n_train_subjects,n_test_subjects,test_subject_ids,subject_overlap,mae,r2
Simple,0,120,30,40,10,5;10;15;20;25;30;35;40;45;50,,66.40232536183518,0.37714642193496817
Simple,1,120,30,40,10,4;9;14;19;24;29;34;39;44;49,,63.704267244362875,0.18247902757949186
Simple,2,120,30,40,10,3;8;13;18;23;28;33;38;43;48,,50.87435565643598,0.35514556675259834
Simple,3,120,30,40,10,2;7;12;17;22;27;32;37;42;47,,86.54475718736511,0.03463988322516143
Simple,4,120,30,40,10,1;6;11;16;21;26;31;36;41;46,,93.25519304861704,0.009286232842194986
Multi,0,120,30,40,10,5;10;15;20;25;30;35;40;45;50,,63.00142399092244,0.4446836260460767
Multi,1,120,30,40,10,4;9;14;19;24;29;34;39;44;49,,61.25502065052294,0.2628574099194443
Multi,2,120,30,40,10,3;8;13;18;23;28;33;38;43;48,,47.660482318447336,0.413736478643391
Multi,3,120,30,40,10,2;7;12;17;22;27;32;37;42;47,,86.21172466359367,0.0434016372162539
Multi,4,120,30,40,10,1;6;11;16;21;26;31;36;41;46,,95.91546621913274,-0.053891109600579856
Ridge,0,120,30,40,10,5;10;15;20;25;30;35;40;45;50,,53.373997383087314,0.6009957519052906
Ridge,1,120,30,40,10,4;9;14;19;24;29;34;39;44;49,,77.72578850422097,-0.18666221651485904
Ridge,2,120,30,40,10,3;8;13;18;23;28;33;38;43;48,,44.52052136381674,0.4798314129871064
Ridge,3,120,30,40,10,2;7;12;17;22;27;32;37;42;47,,72.72289602438886,0.1282606201658344
Ridge,4,120,30,40,10,1;6;11;16;21;26;31;36;41;46,,103.79450352634619,-0.2346792897148604
Lasso,0,120,30,40,10,5;10;15;20;25;30;35;40;45;50,,53.53393458455576,0.5989460342694662
Lasso,1,120,30,40,10,4;9;14;19;24;29;34;39;44;49,,77.76215904451382,-0.19202030938932269
Lasso,2,120,30,40,10,3;8;13;18;23;28;33;38;43;48,,44.69329967192773,0.4783882507959616
Lasso,3,120,30,40,10,2;7;12;17;22;27;32;37;42;47,,72.91483850680316,0.12288089527626167
Lasso,4,120,30,40,10,1;6;11;16;21;26;31;36;41;46,,104.76032119269114,-0.2657719473963944
Causal_ML,0,120,30,40,10,5;10;15;20;25;30;35;40;45;50,,41.77692242537255,0.7003312952983299
Causal_ML,1,120,30,40,10,4;9;14;19;24;29;34;39;44;49,,81.76027480850674,-0.28899763686528424
Causal_ML,2,120,30,40,10,3;8;13;18;23;28;33;38;43;48,,41.157493869922064,0.5509479036270568
Causal_ML,3,120,30,40,10,2;7;12;17;22;27;32;37;42;47,,59.59231442700387,0.37318702387595026
Causal_ML,4,120,30,40,10,1;6;11;16;21;26;31;36;41;46,,91.9174448066463,0.012909412346482019
Negative_Control,0,120,30,40,10,5;10;15;20;25;30;35;40;45;50,,53.47891422873013,0.5952280728274076
Negative_Control,1,120,30,40,10,4;9;14;19;24;29;34;39;44;49,,85.06398351915382,-0.42130723562863137
Negative_Control,2,120,30,40,10,3;8;13;18;23;28;33;38;43;48,,47.66744655232369,0.44236875881549087
Negative_Control,3,120,30,40,10,2;7;12;17;22;27;32;37;42;47,,71.88026984046839,0.2174607621906235
Negative_Control,4,120,30,40,10,1;6;11;16;21;26;31;36;41;46,,86.79087009903786,0.08475305434031877
Negative_Control_Dynamic,0,120,30,40,10,5;10;15;20;25;30;35;40;45;50,,52.86489135970444,0.6001003420749143
Negative_Control_Dynamic,1,120,30,40,10,4;9;14;19;24;29;34;39;44;49,,84.90342576455308,-0.4178690321482861
Negative_Control_Dynamic,2,120,30,40,10,3;8;13;18;23;28;33;38;43;48,,47.27102092618328,0.44882632617785756
Negative_Control_Dynamic,3,120,30,40,10,2;7;12;17;22;27;32;37;42;47,,71.86640025687251,0.20386297574624324
Negative_Control_Dynamic,4,120,30,40,10,1;6;11;16;21;26;31;36;41;46,,87.57602198953627,0.07518648510616643
