model,subject_id,time_point,y_true,y_pred,fold
Simple,1,0,292.97,345.97368723731034,4
Simple,1,40,321.92,381.8100998397029,4
Simple,1,70,329.34,398.820142828771,4
Simple,2,0,379.02,370.7081505560032,3
Simple,2,40,389.77,319.9365059692091,3
Simple,2,70,411.41,379.31582980510984,3
Simple,3,0,434.77,370.3715573542753,2
Simple,3,40,451.99,380.7439982346246,2
Simple,3,70,446.4,336.63018045710066,2
Simple,4,0,406.06,377.33843930161396,1
Simple,4,40,423.8,360.731846654616,1
Simple,4,70,414.48,341.4335921024606,1
Simple,5,0,253.71,340.6518058212834,0
Simple,5,40,255.18,339.4705091038241,0
Simple,5,70,259.77,337.1330496416174,0
Simple,6,0,344.23,505.03200447576546,4
Simple,6,40,370.0,344.84929456515164,4
Simple,6,70,367.32,401.5590480558243,4
Simple,7,0,173.28,280.66909301376074,3
Simple,7,40,190.98,276.48822023562326,3
Simple,7,70,182.34,306.7107384880421,3
Simple,8,0,245.73,294.0759420959538,2
Simple,8,40,275.79,285.4611224626326,2
Simple,8,70,277.69,294.0759420959538,2
Simple,9,0,471.98,424.8030130755952,1
Simple,9,40,517.73,398.19881906658395,1
Simple,9,70,515.41,340.4963169747718,1
Simple,10,0,369.46,438.3726917251511,0
Simple,10,40,389.72,352.6155768321479,0
Simple,10,70,398.31,341.9085044568784,0
Simple,11,0,360.81,327.1473176239859,4
Simple,11,40,373.88,341.64910003669985,4
Simple,11,70,364.12,356.84281640151147,4
Simple,12,0,518.11,488.15515186603596,3
Simple,12,40,516.21,372.4570123716947,3
Simple,12,70,520.46,427.7920932588088,3
Simple,13,0,414.97,349.1563262457803,2
Simple,13,40,453.56,386.71000838298784,2
Simple,13,70,449.17,415.99544409051356,2
Simple,14,0,343.82,329.27304813808865,1
Simple,14,40,375.99,339.77533610731894,1
Simple,14,70,370.75,338.86209367521195,1
Simple,15,0,380.38,352.69097875028353,0
Simple,15,40,406.48,352.8920505319788,0
Simple,15,70,390.01,374.9094106276033,0
Simple,16,0,206.64,358.7456347697801,4
Simple,16,40,226.78,363.24320545841505,4
Simple,16,70,214.95,429.00576148903247,4
Simple,17,0,414.42,332.0419088496988,3
Simple,17,40,420.78,318.46090381221944,3
Simple,17,70,428.23,303.1583629249187,3
Simple,18,0,187.22,337.1995507202225,2
Simple,18,40,196.63,304.37411728980896,2
Simple,18,70,211.2,308.58250619114403,2
Simple,19,0,370.0,372.84432522782436,1
Simple,19,40,383.94,372.43576940293434,1
Simple,19,70,378.37,356.9346807526975,1
Simple,20,0,211.11,386.04376053897505,0
Simple,20,40,224.1,335.42393949720815,0
Simple,20,70,211.48,315.29162735497613,0
Simple,21,0,124.29,312.5013823045849,4
Simple,21,40,157.7,297.33649652111063,4
Simple,21,70,168.05,293.5308597845734,4
Simple,22,0,202.72,330.78491441967054,3
Simple,22,40,223.84,286.5988276075898,3
Simple,22,70,225.95,287.47325851543553,3
Simple,23,0,409.41,476.9180622445464,2
Simple,23,40,458.79,358.5880684305371,2
Simple,23,70,445.91,436.49277356289844,2
Simple,24,0,186.59,349.91713364282276,1
Simple,24,40,213.17,354.3391496298671,1
Simple,24,70,218.1,331.70035039184665,1
Simple,25,0,324.23,332.2319249627968,0
Simple,25,40,334.46,330.72388660008284,0
Simple,25,70,343.59,402.43111074713397,0
Simple,26,0,329.22,374.77543799337644,4
Simple,26,40,333.04,337.84346330016257,4
Simple,26,70,329.39,334.52794644636117,4
Simple,27,0,357.65,343.2455548564725,3
Simple,27,40,370.58,333.2442513479867,3
Simple,27,70,365.16,317.85973256307545,3
Simple,28,0,314.51,339.84836020518037,2
Simple,28,40,318.8,320.31648465721946,2
Simple,28,70,331.18,320.19270851306254,2
Simple,29,0,451.15,440.2560363346686,1
Simple,29,40,494.79,370.60928453872043,1
Simple,29,70,473.7,361.90944873812236,1
Simple,30,0,342.49,402.58191458340536,0
Simple,30,40,366.59,381.9217890142234,0
Simple,30,70,365.07,357.6423713745279,0
Simple,31,0,536.28,388.2393194779439,4
Simple,31,40,564.2,352.8641961769498,4
Simple,31,70,563.59,398.1570394580107,4
Simple,32,0,340.08,335.8948700373941,3
Simple,32,40,372.06,292.4192583379381,3
Simple,32,70,372.42,347.2351458735188,3
Simple,33,0,313.35,337.47185823736766,2
Simple,33,40,316.22,334.7487830659156,2
Simple,33,70,319.04,340.5662618412905,2
Simple,34,0,507.53,413.171188414022,1
Simple,34,40,546.12,402.5006715757194,1
Simple,34,70,539.39,446.9130930108168,1
Simple,35,0,373.61,418.54198725546195,0
Simple,35,40,372.41,422.7896286437731,0
Simple,35,70,400.61,457.24830523178815,0
Simple,36,0,374.32,455.7317103888055,4
Simple,36,40,373.72,508.80881063096535,4
Simple,36,70,382.58,527.1162297802166,4
Simple,37,0,418.44,322.4231688633955,3
Simple,37,40,457.21,308.70553399656524,3
Simple,37,70,446.3,285.50578897278257,3
Simple,38,0,290.03,313.55830718625197,2
Simple,38,40,311.73,311.3303365914275,2
Simple,38,70,288.18,325.3913065676529,2
Simple,39,0,335.92,358.80923100807496,1
Simple,39,40,367.25,331.02743491555736,1
Simple,39,70,375.82,370.84961149453807,1
Simple,40,0,160.71,295.78766453054163,0
Simple,40,40,176.71,280.75754884882537,0
Simple,40,70,189.42,294.50583192223473,0
Simple,41,0,466.66,402.59694898397083,4
Simple,41,40,463.44,339.19850062302055,4
Simple,41,70,468.27,346.3196542133592,4
Simple,42,0,442.74,471.4316607534859,3
Simple,42,40,459.19,370.5988466925225,3
Simple,42,70,455.51,323.3249257371114,3
Simple,43,0,241.92,356.3105873780499,2
Simple,43,40,277.29,339.5265422303724,2
Simple,43,70,303.35,405.89531072730944,2
Simple,44,0,401.9,354.67560736801175,1
Simple,44,40,408.31,368.61457080543414,1
Simple,44,70,433.39,459.50622549566043,1
Simple,45,0,422.06,315.81944078192606,0
Simple,45,40,434.95,297.5721765930865,0
Simple,45,70,423.87,360.8343859089392,0
Simple,46,0,225.45,284.6222101513157,4
Simple,46,40,244.48,273.63775866176496,4
Simple,46,70,244.14,270.17808890127657,4
Simple,47,0,446.35,308.70553399656524,3
Simple,47,40,468.0,320.0458098326899,3
Simple,47,70,463.07,271.1596568909382,3
Simple,48,0,303.77,332.5208124710911,2
Simple,48,40,316.24,335.56570561735117,2
Simple,48,70,330.9,348.8345082709723,2
Simple,49,0,323.73,387.2639425768819,1
Simple,49,40,345.88,383.610972848454,1
Simple,49,70,334.14,346.5765889569578,1
Simple,50,0,529.32,453.9557548065292,0
Simple,50,40,536.37,511.1858106715259,0
Simple,50,70,508.51,470.69498063265473,0
Multi,1,0,292.97,335.2197947035319,4
Multi,1,40,321.92,409.2788173921285,4
Multi,1,70,329.34,399.96521244007624,4
Multi,2,0,379.02,362.3060919352904,3
Multi,2,40,389.77,335.385685712671,3
Multi,2,70,411.41,358.02919916898435,3
Multi,3,0,434.77,353.7820512915558,2
Multi,3,40,451.99,397.83302706343926,2
Multi,3,70,446.4,327.81152803770186,2
Multi,4,0,406.06,363.8800342673109,1
Multi,4,40,423.8,376.4265727244032,1
Multi,4,70,414.48,347.02810184114065,1
Multi,5,0,253.71,324.5278958391326,0
Multi,5,40,255.18,333.5945110923895,0
Multi,5,70,259.77,321.68068862030185,0
Multi,6,0,344.23,499.661532449638,4
Multi,6,40,370.0,405.1199424567114,4
Multi,6,70,367.32,393.86407769342156,4
Multi,7,0,173.28,247.4417411390976,3
Multi,7,40,190.98,291.02343724388373,3
Multi,7,70,182.34,298.468565546598,3
Multi,8,0,245.73,287.6271424203534,2
Multi,8,40,275.79,306.9806674581754,2
Multi,8,70,277.69,280.6312525333409,2
Multi,9,0,471.98,412.4038791535263,1
Multi,9,40,517.73,405.48853319018485,1
Multi,9,70,515.41,336.0652860368013,1
Multi,10,0,369.46,438.55246617732365,0
Multi,10,40,389.72,360.53726324030197,0
Multi,10,70,398.31,349.3241969274633,0
Multi,11,0,360.81,307.89741912979383,4
Multi,11,40,373.88,376.6915278651504,4
Multi,11,70,364.12,352.40740355540805,4
Multi,12,0,518.11,481.9579010035744,3
Multi,12,40,516.21,375.9769416733142,3
Multi,12,70,520.46,405.0655777565889,3
Multi,13,0,414.97,323.43158265485874,2
Multi,13,40,453.56,430.4884953187288,2
Multi,13,70,449.17,401.40471244647347,2
Multi,14,0,343.82,317.17203834183334,1
Multi,14,40,375.99,361.97081170887066,1
Multi,14,70,370.75,341.2777245697171,1
Multi,15,0,380.38,337.88488221143217,0
Multi,15,40,406.48,371.1713330585199,0
Multi,15,70,390.01,376.1566781563602,0
Multi,16,0,206.64,333.94075203113533,4
Multi,16,40,226.78,400.0746691531841,4
Multi,16,70,214.95,445.13868876734153,4
Multi,17,0,414.42,307.2085800215516,3
Multi,17,40,420.78,352.0648381953082,3
Multi,17,70,428.23,289.14973298785674,3
Multi,18,0,187.22,320.9606812939811,2
Multi,18,40,196.63,302.55896427962466,2
Multi,18,70,211.2,300.08099359738236,2
Multi,19,0,370.0,364.9273963580864,1
Multi,19,40,383.94,381.6052824749466,1
Multi,19,70,378.37,352.94695004237064,1
Multi,20,0,211.11,367.2679393583107,0
Multi,20,40,224.1,328.49443038065476,0
Multi,20,70,211.48,311.453957033169,0
Multi,21,0,124.29,275.88479301511927,4
Multi,21,40,157.7,337.26333101752397,4
Multi,21,70,168.05,297.3937913858942,4
Multi,22,0,202.72,305.17750161041283,3
Multi,22,40,223.84,304.5810223002393,3
Multi,22,70,225.95,274.207483939799,3
Multi,23,0,409.41,458.4204975605515,2
Multi,23,40,458.79,411.541196696118,2
Multi,23,70,445.91,457.70584519096894,2
Multi,24,0,186.59,338.9573183590403,1
Multi,24,40,213.17,355.3703852518628,1
Multi,24,70,218.1,325.6891114035746,1
Multi,25,0,324.23,323.976132976917,0
Multi,25,40,334.46,349.4699863037225,0
Multi,25,70,343.59,392.22891246708843,0
Multi,26,0,329.22,373.56890182873235,4
Multi,26,40,333.04,372.42393987211216,4
Multi,26,70,329.39,335.5304975477172,4
Multi,27,0,357.65,318.03442393977775,3
Multi,27,40,370.58,353.74939855918933,3
Multi,27,70,365.16,311.2214072780828,3
Multi,28,0,314.51,318.0666683720187,2
Multi,28,40,318.8,346.10382480479353,2
Multi,28,70,331.18,323.638779004331,2
Multi,29,0,451.15,435.01201401622393,1
Multi,29,40,494.79,394.1636943280962,1
Multi,29,70,473.7,361.53193281564774,1
Multi,30,0,342.49,391.86673281130294,0
Multi,30,40,366.59,395.7937202119229,0
Multi,30,70,365.07,355.4182242690893,0
Multi,31,0,536.28,377.43649781155597,4
Multi,31,40,564.2,354.94727481810776,4
Multi,31,70,563.59,391.4423928798032,4
Multi,32,0,340.08,325.2592484206177,3
Multi,32,40,372.06,312.9571067319445,3
Multi,32,70,372.42,327.62565273943335,3
Multi,33,0,313.35,319.34253611222005,2
Multi,33,40,316.22,377.4034931438642,2
Multi,33,70,319.04,333.4684218840267,2
Multi,34,0,507.53,409.54315658721674,1
Multi,34,40,546.12,436.0830875048876,1
Multi,34,70,539.39,458.93639685546873,1
Multi,35,0,373.61,417.82891351013836,0
Multi,35,40,372.41,418.8756495233373,0
Multi,35,70,400.61,467.4248430940714,0
Multi,36,0,374.32,442.4875043914823,4
Multi,36,40,373.72,519.5377667825272,4
Multi,36,70,382.58,527.6030800066217,4
Multi,37,0,418.44,299.33121982001285,3
Multi,37,40,457.21,369.55776741135674,3
Multi,37,70,446.3,258.9742198315922,3
Multi,38,0,290.03,296.04850170056216,2
Multi,38,40,311.73,312.820665079583,2
Multi,38,70,288.18,314.62758574758715,2
Multi,39,0,335.92,350.91830026544125,1
Multi,39,40,367.25,339.1191780430234,1
Multi,39,70,375.82,351.337040866401,1
Multi,40,0,160.71,278.9097809886354,0
Multi,40,40,176.71,308.5902179723062,0
Multi,40,70,189.42,288.95440833511464,0
Multi,41,0,466.66,390.02100864833324,4
Multi,41,40,463.44,349.1525696352549,4
Multi,41,70,468.27,328.60355044579615,4
Multi,42,0,442.74,468.2278856374519,3
Multi,42,40,459.19,403.4963915278425,3
Multi,42,70,455.51,329.245076849201,3
Multi,43,0,241.92,344.6917384124154,2
Multi,43,40,277.29,372.14762530965487,2
Multi,43,70,303.35,389.46919752335475,2
Multi,44,0,401.9,337.3994970496775,1
Multi,44,40,408.31,371.5762474126563,1
Multi,44,70,433.39,466.18054401017116,1
Multi,45,0,422.06,305.6920699977245,0
Multi,45,40,434.95,325.2468138507087,0
Multi,45,70,423.87,353.1202300085307,0
Multi,46,0,225.45,246.5887600951514,4
Multi,46,40,244.48,289.1579829751611,4
Multi,46,70,244.14,260.0167396276735,4
Multi,47,0,446.35,292.33834474763387,3
Multi,47,40,468.0,311.10623593829564,3
Multi,47,70,463.07,271.31485525955236,3
Multi,48,0,303.77,306.24786239502293,2
Multi,48,40,316.24,356.5926786097101,2
Multi,48,70,330.9,351.8289986374355,2
Multi,49,0,323.73,379.8470967603193,1
Multi,49,40,345.88,385.527165998423,1
Multi,49,70,334.14,343.68555365534627,1
Multi,50,0,529.32,454.7462326951586,0
Multi,50,40,536.37,517.0313799492649,0
Multi,50,70,508.51,479.0368966497779,0
Ridge,1,0,292.97,362.4072949319267,4
Ridge,1,40,321.92,410.7042558461553,4
Ridge,1,70,329.34,405.1251695696604,4
Ridge,2,0,379.02,414.84868925418374,3
Ridge,2,40,389.77,398.78964230695004,3
Ridge,2,70,411.41,409.0378044205117,3
Ridge,3,0,434.77,348.12105878442355,2
Ridge,3,40,451.99,370.8988688721639,2
Ridge,3,70,446.4,332.7094036814834,2
Ridge,4,0,406.06,324.34026974574743,1
Ridge,4,40,423.8,331.6215739110503,1
Ridge,4,70,414.48,323.2504562856799,1
Ridge,5,0,253.71,303.05447401734955,0
Ridge,5,40,255.18,309.09165130455506,0
Ridge,5,70,259.77,303.0082896340173,0
Ridge,6,0,344.23,531.3961050472396,4
Ridge,6,40,370.0,466.695246999304,4
Ridge,6,70,367.32,460.980046251956,4
Ridge,7,0,173.28,253.0092270639391,3
Ridge,7,40,190.98,280.63383548013934,3
Ridge,7,70,182.34,294.5331135748134,3
Ridge,8,0,245.73,252.54686113551287,2
Ridge,8,40,275.79,263.70947271251015,2
Ridge,8,70,277.69,248.90995882878926,2
Ridge,9,0,471.98,315.3537419064772,1
Ridge,9,40,517.73,317.0042731900969,1
Ridge,9,70,515.41,298.67328562232365,1
Ridge,10,0,369.46,430.92680400954544,0
Ridge,10,40,389.72,386.18891879910115,0
Ridge,10,70,398.31,380.8701495771326,0
Ridge,11,0,360.81,312.5108069010044,4
Ridge,11,40,373.88,356.807521457975,4
Ridge,11,70,364.12,341.9784518915833,4
Ridge,12,0,518.11,489.08462779237414,3
Ridge,12,40,516.21,429.05456893183043,3
Ridge,12,70,520.46,449.659670908603,3
Ridge,13,0,414.97,412.65933379908387,2
Ridge,13,40,453.56,470.2492329829093,2
Ridge,13,70,449.17,455.10653471902543,2
Ridge,14,0,343.82,375.92934370838395,1
Ridge,14,40,375.99,391.84537578250854,1
Ridge,14,70,370.75,384.1289353976793,1
Ridge,15,0,380.38,383.89086673848925,0
Ridge,15,40,406.48,409.4508695120833,0
Ridge,15,70,390.01,407.63388729960184,0
Ridge,16,0,206.64,426.8537613516113,4
Ridge,16,40,226.78,469.06121026776157,4
Ridge,16,70,214.95,499.71149541472874,4
Ridge,17,0,414.42,286.66722167758303,3
Ridge,17,40,420.78,320.1985159839534,3
Ridge,17,70,428.23,273.38922569599566,3
Ridge,18,0,187.22,300.312309696652,2
Ridge,18,40,196.63,290.40292107115494,2
Ridge,18,70,211.2,290.1701931872185,2
Ridge,19,0,370.0,402.3232535304498,1
Ridge,19,40,383.94,408.74887273669486,1
Ridge,19,70,378.37,399.79101578236043,1
Ridge,20,0,211.11,297.4859758239013,0
Ridge,20,40,224.1,279.7492145129929,0
Ridge,20,70,211.48,270.0918547954211,0
Ridge,21,0,124.29,268.6065767877816,4
Ridge,21,40,157.7,307.2785373604897,4
Ridge,21,70,168.05,281.9151706483141,4
Ridge,22,0,202.72,206.84896843757085,3
Ridge,22,40,223.84,207.9222315906376,3
Ridge,22,70,225.95,191.8787959422566,3
Ridge,23,0,409.41,452.53632123393993,2
Ridge,23,40,458.79,424.5967690665777,2
Ridge,23,70,445.91,451.31392542606704,2
Ridge,24,0,186.59,281.61145525250186,1
Ridge,24,40,213.17,287.50253685478964,1
Ridge,24,70,218.1,279.5233266079548,1
Ridge,25,0,324.23,389.10375807011127,0
Ridge,25,40,334.46,408.92230042907886,0
Ridge,25,70,343.59,428.35961044059775,0
Ridge,26,0,329.22,397.88994269408727,4
Ridge,26,40,333.04,395.7044393586697,4
Ridge,26,70,329.39,372.49305212621795,4
Ridge,27,0,357.65,310.0524711358649,3
Ridge,27,40,370.58,332.76955370304466,3
Ridge,27,70,365.16,309.72788406425946,3
Ridge,28,0,314.51,261.21885467089373,2
Ridge,28,40,318.8,274.3221302403125,2
Ridge,28,70,331.18,261.58870345578947,2
Ridge,29,0,451.15,321.6286751422832,1
Ridge,29,40,494.79,316.6660442400724,1
Ridge,29,70,473.7,305.26749993306805,1
Ridge,30,0,342.49,386.7946122322009,0
Ridge,30,40,366.59,398.11969254900185,0
Ridge,30,70,365.07,364.7771309823439,0
Ridge,31,0,536.28,469.9497590186694,4
Ridge,31,40,564.2,454.4609077559459,4
Ridge,31,70,563.59,479.1865281240388,4
Ridge,32,0,340.08,308.2340097881109,3
Ridge,32,40,372.06,303.2867176107744,3
Ridge,32,70,372.42,310.0220709585591,3
Ridge,33,0,313.35,302.67510676024483,2
Ridge,33,40,316.22,333.9200406176268,2
Ridge,33,70,319.04,310.18476079221887,2
Ridge,34,0,507.53,435.0719859664405,1
Ridge,34,40,546.12,446.75478726551023,1
Ridge,34,70,539.39,449.1360866355066,1
Ridge,35,0,373.61,457.5393882196353,0
Ridge,35,40,372.41,460.1371326715177,0
Ridge,35,70,400.61,486.40430881125184,0
Ridge,36,0,374.32,529.0604817265303,4
Ridge,36,40,373.72,579.6595477910798,4
Ridge,36,70,382.58,585.1492012449107,4
Ridge,37,0,418.44,493.4582274376328,3
Ridge,37,40,457.21,542.4637750561748,3
Ridge,37,70,446.3,461.2357830011298,3
Ridge,38,0,290.03,300.0362965304977,2
Ridge,38,40,311.73,309.80155516986156,2
Ridge,38,70,288.18,309.5960583800133,2
Ridge,39,0,335.92,349.9555484922112,1
Ridge,39,40,367.25,349.72704888681295,1
Ridge,39,70,375.82,348.7381001235351,1
Ridge,40,0,160.71,266.8832225001342,0
Ridge,40,40,176.71,293.04579103296663,0
Ridge,40,70,189.42,258.1300437495178,0
Ridge,41,0,466.66,430.8472794151078,4
Ridge,41,40,463.44,403.0375010585534,4
Ridge,41,70,468.27,390.0974314339747,4
Ridge,42,0,442.74,485.7482798258179,3
Ridge,42,40,459.19,449.45884027527813,3
Ridge,42,70,455.51,413.42378450158594,3
Ridge,43,0,241.92,356.95388646234505,2
Ridge,43,40,277.29,371.37502918318967,2
Ridge,43,70,303.35,382.782677066073,2
Ridge,44,0,401.9,302.73350165877866,1
Ridge,44,40,408.31,313.45705312813425,1
Ridge,44,70,433.39,335.9272063772573,1
Ridge,45,0,422.06,334.6068629595205,0
Ridge,45,40,434.95,351.43606417230706,0
Ridge,45,70,423.87,354.67746483956716,0
Ridge,46,0,225.45,255.45631049949884,4
Ridge,46,40,244.48,282.270030799909,4
Ridge,46,70,244.14,263.5734161294059,4
Ridge,47,0,446.35,242.7609576964149,3
Ridge,47,40,468.0,249.96357003475458,3
Ridge,47,70,463.07,229.97013799429328,3
Ridge,48,0,303.77,271.5714057933542,2
Ridge,48,40,316.24,297.9112687838103,2
Ridge,48,70,330.9,294.90799536620585,2
Ridge,49,0,323.73,327.53673785721617,1
Ridge,49,40,345.88,330.3691217799052,1
Ridge,49,70,334.14,319.85203507744154,1
Ridge,50,0,529.32,491.0663540820118,0
Ridge,50,40,536.37,517.722377394195,0
Ridge,50,70,508.51,506.92850405517277,0
Lasso,1,0,292.97,360.83613175697275,4
Lasso,1,40,321.92,409.739935912385,4
Lasso,1,70,329.34,404.10354476174143,4
Lasso,2,0,379.02,414.6602467714896,3
Lasso,2,40,389.77,398.55300908873403,3
Lasso,2,70,411.41,408.8907973209483,3
Lasso,3,0,434.77,346.9920595738901,2
Lasso,3,40,451.99,369.9920578318682,2
Lasso,3,70,446.4,331.90567026553543,2
Lasso,4,0,406.06,324.40902511852215,1
Lasso,4,40,423.8,331.6790136492659,1
Lasso,4,70,414.48,323.4302988403174,1
Lasso,5,0,253.71,303.28470999521767,0
Lasso,5,40,255.18,309.33718056419985,0
Lasso,5,70,259.77,303.19503272452835,0
Lasso,6,0,344.23,531.4951548583264,4
Lasso,6,40,370.0,465.75703017391083,4
Lasso,6,70,367.32,460.08077800481095,4
Lasso,7,0,173.28,253.05040107698088,3
Lasso,7,40,190.98,281.0648697982018,3
Lasso,7,70,182.34,294.55683365295573,3
Lasso,8,0,245.73,251.2885285287758,2
Lasso,8,40,275.79,261.87116820742995,2
Lasso,8,70,277.69,247.64781354098602,2
Lasso,9,0,471.98,314.48992509056586,1
Lasso,9,40,517.73,315.87995145058755,1
Lasso,9,70,515.41,298.2318861628152,1
Lasso,10,0,369.46,430.5228583904817,0
Lasso,10,40,389.72,385.6932851950329,0
Lasso,10,70,398.31,380.32874882365616,0
Lasso,11,0,360.81,310.8400209584047,4
Lasso,11,40,373.88,355.63141553870724,4
Lasso,11,70,364.12,340.77806341729854,4
Lasso,12,0,518.11,490.1722316901623,3
Lasso,12,40,516.21,429.4713019646335,3
Lasso,12,70,520.46,450.0057512117835,3
Lasso,13,0,414.97,413.15765670420546,2
Lasso,13,40,453.56,470.5096929358507,2
Lasso,13,70,449.17,455.7729845573499,2
Lasso,14,0,343.82,375.585303753134,1
Lasso,14,40,375.99,391.00857208167866,1
Lasso,14,70,370.75,383.29001179680733,1
Lasso,15,0,380.38,384.19260329748437,0
Lasso,15,40,406.48,409.71014631611047,0
Lasso,15,70,390.01,407.98099590110763,0
Lasso,16,0,206.64,431.3718523471144,4
Lasso,16,40,226.78,473.98459759031823,4
Lasso,16,70,214.95,505.1407745043514,4
Lasso,17,0,414.42,286.3243627525052,3
Lasso,17,40,420.78,320.1077171913167,3
Lasso,17,70,428.23,273.0846894542686,3
Lasso,18,0,187.22,300.3792357054024,2
Lasso,18,40,196.63,290.14419383516497,2
Lasso,18,70,211.2,289.5195760609103,2
Lasso,19,0,370.0,402.77664670159606,1
Lasso,19,40,383.94,409.1702901786251,1
Lasso,19,70,378.37,400.62944996717687,1
Lasso,20,0,211.11,297.96816142115154,0
Lasso,20,40,224.1,280.0882982547937,0
Lasso,20,70,211.48,270.41125566786434,0
Lasso,21,0,124.29,265.3858282278694,4
Lasso,21,40,157.7,304.3951155204238,4
Lasso,21,70,168.05,278.82804606039144,4
Lasso,22,0,202.72,206.16652535960594,3
Lasso,22,40,223.84,207.37124708995276,3
Lasso,22,70,225.95,190.9458264321806,3
Lasso,23,0,409.41,452.8277145865079,2
Lasso,23,40,458.79,424.71860916817064,2
Lasso,23,70,445.91,451.39878824703203,2
Lasso,24,0,186.59,281.33057633685746,1
Lasso,24,40,213.17,286.89457102697696,1
Lasso,24,70,218.1,279.0426944889504,1
Lasso,25,0,324.23,389.652805491315,0
Lasso,25,40,334.46,409.43648116430234,0
Lasso,25,70,343.59,428.99726248081674,0
Lasso,26,0,329.22,398.18521458367104,4
Lasso,26,40,333.04,395.72396580262176,4
Lasso,26,70,329.39,372.4230035545957,4
Lasso,27,0,357.65,309.30566550023957,3
Lasso,27,40,370.58,332.36764265274996,3
Lasso,27,70,365.16,308.88415074448807,3
Lasso,28,0,314.51,260.3706656098119,2
Lasso,28,40,318.8,273.84175610012323,2
Lasso,28,70,331.18,261.54375135921896,2
Lasso,29,0,451.15,320.85132057061054,1
Lasso,29,40,494.79,315.8549165450135,1
Lasso,29,70,473.7,304.7789587629549,1
Lasso,30,0,342.49,386.7125648430724,0
Lasso,30,40,366.59,397.8664005495038,0
Lasso,30,70,365.07,364.6926448202527,0
Lasso,31,0,536.28,467.0107466755059,4
Lasso,31,40,564.2,451.2150594933695,4
Lasso,31,70,563.59,476.37700729885904,4
Lasso,32,0,340.08,307.89017697519967,3
Lasso,32,40,372.06,302.91949431244973,3
Lasso,32,70,372.42,309.6388744035242,3
Lasso,33,0,313.35,303.7710785029597,2
Lasso,33,40,316.22,334.5571620168436,2
Lasso,33,70,319.04,311.2611731669949,2
Lasso,34,0,507.53,435.735835714476,1
Lasso,34,40,546.12,447.4226318882245,1
Lasso,34,70,539.39,449.395761086878,1
Lasso,35,0,373.61,458.38755285286203,0
Lasso,35,40,372.41,460.92751166907004,0
Lasso,35,70,400.61,487.3371239322691,0
Lasso,36,0,374.32,534.164164898927,4
Lasso,36,40,373.72,585.4039838499369,4
Lasso,36,70,382.58,590.9330852890992,4
Lasso,37,0,418.44,493.25257308501176,3
Lasso,37,40,457.21,542.7497504089052,3
Lasso,37,70,446.3,461.0913045411688,3
Lasso,38,0,290.03,301.1661759720446,2
Lasso,38,40,311.73,310.4635118354039,2
Lasso,38,70,288.18,310.94463351146794,2
Lasso,39,0,335.92,350.9485144970964,1
Lasso,39,40,367.25,350.6620937139731,1
Lasso,39,70,375.82,349.2901691846034,1
Lasso,40,0,160.71,266.13522885590714,0
Lasso,40,40,176.71,292.2085880652985,0
Lasso,40,70,189.42,257.79861082671323,0
Lasso,41,0,466.66,434.42786694970107,4
Lasso,41,40,463.44,406.18447297669434,4
Lasso,41,70,468.27,393.11771680139424,4
Lasso,42,0,442.74,486.8272288180073,3
Lasso,42,40,459.19,450.24406795855987,3
Lasso,42,70,455.51,413.3699572771882,3
Lasso,43,0,241.92,356.15265587135116,2
Lasso,43,40,277.29,370.2896442329212,2
Lasso,43,70,303.35,381.6165603329592,2
Lasso,44,0,401.9,302.17741475027805,1
Lasso,44,40,408.31,313.0491753257668,1
Lasso,44,70,433.39,335.2481209828609,1
Lasso,45,0,422.06,334.16676016734783,0
Lasso,45,40,434.95,350.9674489836772,0
Lasso,45,70,423.87,354.4943905132785,0
Lasso,46,0,225.45,258.1747127317151,4
Lasso,46,40,244.48,285.22330697527104,4
Lasso,46,70,244.14,266.3217784862146,4
Lasso,47,0,446.35,241.85129135091756,3
Lasso,47,40,468.0,249.33931366059295,3
Lasso,47,70,463.07,229.0230274533053,3
Lasso,48,0,303.77,270.74958629052304,2
Lasso,48,40,316.24,297.08836241050443,2
Lasso,48,70,330.9,294.49363566912376,2
Lasso,49,0,323.73,328.55550453618474,1
Lasso,49,40,345.88,331.2633814329809,1
Lasso,49,70,334.14,320.9674837589741,1
Lasso,50,0,529.32,491.53518560495286,0
Lasso,50,40,536.37,518.5254860314801,0
Lasso,50,70,508.51,507.3993855877189,0
Causal_ML,1,0,292.97,348.2501254962407,4
Causal_ML,1,40,321.92,393.71158330991557,4
Causal_ML,1,70,329.34,387.67489139784885,4
Causal_ML,2,0,379.02,413.04616260539296,3
Causal_ML,2,40,389.77,398.20392451364097,3
Causal_ML,2,70,411.41,409.856767442505,3
Causal_ML,3,0,434.77,370.73068343768296,2
Causal_ML,3,40,451.99,392.9909715106859,2
Causal_ML,3,70,446.4,356.8784090022921,2
Causal_ML,4,0,406.06,316.5441865942131,1
Causal_ML,4,40,423.8,323.59903995660915,1
Causal_ML,4,70,414.48,315.96246518487396,1
Causal_ML,5,0,253.71,284.8151022916602,0
Causal_ML,5,40,255.18,290.744651285644,0
Causal_ML,5,70,259.77,283.36439291940854,0
Causal_ML,6,0,344.23,528.7454885520183,4
Causal_ML,6,40,370.0,472.40991599312906,4
Causal_ML,6,70,367.32,464.577518839411,4
Causal_ML,7,0,173.28,215.375947982188,3
Causal_ML,7,40,190.98,243.71099373265366,3
Causal_ML,7,70,182.34,247.00896320591318,3
Causal_ML,8,0,245.73,289.4257664786648,2
Causal_ML,8,40,275.79,298.85830574031326,2
Causal_ML,8,70,277.69,285.93397579226644,2
Causal_ML,9,0,471.98,310.23747519904674,1
Causal_ML,9,40,517.73,311.8124489630417,1
Causal_ML,9,70,515.41,295.6324422361399,1
Causal_ML,10,0,369.46,423.9726023045059,0
Causal_ML,10,40,389.72,383.09504730971145,0
Causal_ML,10,70,398.31,377.04855751015026,0
Causal_ML,11,0,360.81,308.6220506626261,4
Causal_ML,11,40,373.88,351.13057836826135,4
Causal_ML,11,70,364.12,335.8235725094516,4
Causal_ML,12,0,518.11,494.2395894318927,3
Causal_ML,12,40,516.21,431.610893869921,3
Causal_ML,12,70,520.46,447.6249160847159,3
Causal_ML,13,0,414.97,418.0175207618344,2
Causal_ML,13,40,453.56,472.4422001809086,2
Causal_ML,13,70,449.17,458.6982363862602,2
Causal_ML,14,0,343.82,387.4721770728785,1
Causal_ML,14,40,375.99,401.9977282332121,1
Causal_ML,14,70,370.75,394.68652498297706,1
Causal_ML,15,0,380.38,367.265514698566,0
Causal_ML,15,40,406.48,388.5548730967195,0
Causal_ML,15,70,390.01,389.4181335405107,0
Causal_ML,16,0,206.64,400.60946432023604,4
Causal_ML,16,40,226.78,441.6144565092661,4
Causal_ML,16,70,214.95,468.6245107333565,4
Causal_ML,17,0,414.42,291.7059512759238,3
Causal_ML,17,40,420.78,321.33227279481673,3
Causal_ML,17,70,428.23,281.49137920742777,3
Causal_ML,18,0,187.22,285.6837658944145,2
Causal_ML,18,40,196.63,275.6333924424661,2
Causal_ML,18,70,211.2,274.50757450912783,2
Causal_ML,19,0,370.0,401.09052568818686,1
Causal_ML,19,40,383.94,407.15797852005835,1
Causal_ML,19,70,378.37,399.2077208428544,1
Causal_ML,20,0,211.11,241.3693747643192,0
Causal_ML,20,40,224.1,221.8991475418664,0
Causal_ML,20,70,211.48,213.11860946026903,0
Causal_ML,21,0,124.29,269.34498642813094,4
Causal_ML,21,40,157.7,307.688660326305,4
Causal_ML,21,70,168.05,282.9846097507303,4
Causal_ML,22,0,202.72,262.49391415894405,3
Causal_ML,22,40,223.84,264.31214190600394,3
Causal_ML,22,70,225.95,244.66618830186968,3
Causal_ML,23,0,409.41,450.3418660907852,2
Causal_ML,23,40,458.79,423.8227465333928,2
Causal_ML,23,70,445.91,448.91903526745597,2
Causal_ML,24,0,186.59,261.79007111100384,1
Causal_ML,24,40,213.17,267.0241004520087,1
Causal_ML,24,70,218.1,259.796108420622,1
Causal_ML,25,0,324.23,347.3616361041266,0
Causal_ML,25,40,334.46,363.84277193366654,0
Causal_ML,25,70,343.59,383.63443451172503,0
Causal_ML,26,0,329.22,369.4687224003397,4
Causal_ML,26,40,333.04,369.3060439728505,4
Causal_ML,26,70,329.39,346.4429897861583,4
Causal_ML,27,0,357.65,332.44034262136876,3
Causal_ML,27,40,370.58,355.98860994808604,3
Causal_ML,27,70,365.16,329.3091582960785,3
Causal_ML,28,0,314.51,259.27624011429157,2
Causal_ML,28,40,318.8,272.75504136338884,2
Causal_ML,28,70,331.18,261.539016536915,2
Causal_ML,29,0,451.15,316.41987513836267,1
Causal_ML,29,40,494.79,312.35352420497554,1
Causal_ML,29,70,473.7,301.9334190509328,1
Causal_ML,30,0,342.49,370.4241035407193,0
Causal_ML,30,40,366.59,375.12315414342413,0
Causal_ML,30,70,365.07,351.84166650789865,0
Causal_ML,31,0,536.28,493.43261453220845,4
Causal_ML,31,40,564.2,479.99118983627403,4
Causal_ML,31,70,563.59,501.98356433126617,4
Causal_ML,32,0,340.08,360.166880592152,3
Causal_ML,32,40,372.06,354.395129266881,3
Causal_ML,32,70,372.42,361.12865889150066,3
Causal_ML,33,0,313.35,289.39764097506213,2
Causal_ML,33,40,316.22,318.3052280215978,2
Causal_ML,33,70,319.04,296.5297658643852,2
Causal_ML,34,0,507.53,423.24087386276,1
Causal_ML,34,40,546.12,434.4271939059653,1
Causal_ML,34,70,539.39,435.86987765809033,1
Causal_ML,35,0,373.61,419.030090400815,0
Causal_ML,35,40,372.41,419.25102016703556,0
Causal_ML,35,70,400.61,446.6889546841843,0
Causal_ML,36,0,374.32,498.9332703338152,4
Causal_ML,36,40,373.72,545.9964060569632,4
Causal_ML,36,70,382.58,550.7334445783213,4
Causal_ML,37,0,418.44,442.4695628712594,3
Causal_ML,37,40,457.21,488.4760733033054,3
Causal_ML,37,70,446.3,418.2648760420081,3
Causal_ML,38,0,290.03,299.74215802882406,2
Causal_ML,38,40,311.73,308.0547271985669,2
Causal_ML,38,70,288.18,309.327426970775,2
Causal_ML,39,0,335.92,329.5699995325096,1
Causal_ML,39,40,367.25,329.5664522213608,1
Causal_ML,39,70,375.82,327.8810968696452,1
Causal_ML,40,0,160.71,266.2026620051812,0
Causal_ML,40,40,176.71,286.7941603755136,0
Causal_ML,40,70,189.42,272.768985261639,0
Causal_ML,41,0,466.66,421.4449410282032,4
Causal_ML,41,40,463.44,397.00540439028424,4
Causal_ML,41,70,468.27,384.1379126153441,4
Causal_ML,42,0,442.74,439.7111937203857,3
Causal_ML,42,40,459.19,402.9627074724388,3
Causal_ML,42,70,455.51,357.39983468194924,3
Causal_ML,43,0,241.92,366.9242571233075,2
Causal_ML,43,40,277.29,380.18540328444715,2
Causal_ML,43,70,303.35,390.58129056857587,2
Causal_ML,44,0,401.9,290.1076386904514,1
Causal_ML,44,40,408.31,300.2835345921812,1
Causal_ML,44,70,433.39,320.45917563085186,1
Causal_ML,45,0,422.06,304.4775032676313,0
Causal_ML,45,40,434.95,318.926569687557,0
Causal_ML,45,70,423.87,330.0813491255943,0
Causal_ML,46,0,225.45,249.36801011902568,4
Causal_ML,46,40,244.48,275.96828275510654,4
Causal_ML,46,70,244.14,257.9217908141398,4
Causal_ML,47,0,446.35,275.95603325945666,3
Causal_ML,47,40,468.0,287.5029378425495,3
Causal_ML,47,70,463.07,264.2600682133016,3
Causal_ML,48,0,303.77,293.575057097299,2
Causal_ML,48,40,316.24,318.78347982006176,2
Causal_ML,48,70,330.9,316.75576763046206,2
Causal_ML,49,0,323.73,336.0042632645892,1
Causal_ML,49,40,345.88,338.6075699229732,1
Causal_ML,49,70,334.14,329.20066491820427,1
Causal_ML,50,0,529.32,472.86527494867215,0
Causal_ML,50,40,536.37,506.68903544209,0
Causal_ML,50,70,508.51,486.6463607156931,0
Negative_Control,1,0,292.97,358.32364194969426,4
Negative_Control,1,40,321.92,351.1132959934024,4
Negative_Control,1,70,329.34,357.7895422492282,4
Negative_Control,2,0,379.02,430.00852025850077,3
Negative_Control,2,40,389.77,423.12870698882585,3
Negative_Control,2,70,411.41,427.65489992940144,3
Negative_Control,3,0,434.77,361.9436758754891,2
Negative_Control,3,40,451.99,361.1656973930542,2
Negative_Control,3,70,446.4,359.9987296694018,2
Negative_Control,4,0,406.06,318.4231997742995,1
Negative_Control,4,40,423.8,318.4395278126493,1
Negative_Control,4,70,414.48,318.4427934203193,1
Negative_Control,5,0,253.71,314.32952684913903,0
Negative_Control,5,40,255.18,314.42654404925054,0
Negative_Control,5,70,259.77,314.96013864986367,0
Negative_Control,6,0,344.23,473.2150983249144,4
Negative_Control,6,40,370.0,468.1411511704868,4
Negative_Control,6,70,367.32,478.1555205542255,4
Negative_Control,7,0,173.28,278.69904733636645,3
Negative_Control,7,40,190.98,269.82770917283824,3
Negative_Control,7,70,182.34,292.4586738757163,3
Negative_Control,8,0,245.73,292.41731291175313,2
Negative_Control,8,40,275.79,294.6296892211774,2
Negative_Control,8,70,277.69,292.4416247393292,2
Negative_Control,9,0,471.98,296.6483627817121,1
Negative_Control,9,40,517.73,296.8867521416195,1
Negative_Control,9,70,515.41,296.6483627817121,1
Negative_Control,10,0,369.46,387.6915091084214,0
Negative_Control,10,40,389.72,387.206423107864,0
Negative_Control,10,70,398.31,387.6430005083657,0
Negative_Control,11,0,360.81,334.10974836878097,4
Negative_Control,11,40,373.88,327.7005519631882,4
Negative_Control,11,70,364.12,321.958980183178,4
Negative_Control,12,0,518.11,425.49583596821117,3
Negative_Control,12,40,516.21,426.22002683870323,3
Negative_Control,12,70,520.46,439.436510225184,3
Negative_Control,13,0,414.97,454.48689238192196,2
Negative_Control,13,40,453.56,456.0428493467918,2
Negative_Control,13,70,449.17,454.9488171058677,2
Negative_Control,14,0,343.82,388.8426176362699,1
Negative_Control,14,40,375.99,389.0810069961773,1
Negative_Control,14,70,370.75,389.12019428821685,1
Negative_Control,15,0,380.38,408.15281606872304,0
Negative_Control,15,40,406.48,410.04465147089707,0
Negative_Control,15,70,390.01,408.5893934692248,0
Negative_Control,16,0,206.64,455.24444636210006,4
Negative_Control,16,40,226.78,452.84099771000274,4
Negative_Control,16,70,214.95,450.304024132789,4
Negative_Control,17,0,414.42,314.1111992685592,3
Negative_Control,17,40,420.78,311.3954835042138,3
Negative_Control,17,70,428.23,306.5071951283922,3
Negative_Control,18,0,187.22,307.2863432031293,2
Negative_Control,18,40,196.63,308.04000985798814,2
Negative_Control,18,70,211.2,309.74183778831446,2
Negative_Control,19,0,370.0,408.0668577414042,1
Negative_Control,19,40,383.94,408.0603265260643,1
Negative_Control,19,70,378.37,407.8545932428565,1
Negative_Control,20,0,211.11,261.2353635941346,0
Negative_Control,20,40,224.1,262.6421129957512,0
Negative_Control,20,70,211.48,262.54509579563967,0
Negative_Control,21,0,124.29,301.59635337191344,4
Negative_Control,21,40,157.7,296.3888812923693,4
Negative_Control,21,70,168.05,293.31780801468943,4
Negative_Control,22,0,202.72,214.72944062702868,3
Negative_Control,22,40,223.84,205.67705474587748,3
Negative_Control,22,70,225.95,216.90201323850494,3
Negative_Control,23,0,409.41,411.58322756753546,2
Negative_Control,23,40,458.79,410.12451791297,2
Negative_Control,23,70,445.91,411.68047487783986,2
Negative_Control,24,0,186.59,274.3843389924495,1
Negative_Control,24,40,213.17,274.5704786296375,1
Negative_Control,24,70,218.1,274.5770098449774,1
Negative_Control,25,0,324.23,415.79593953424865,0
Negative_Control,25,40,334.46,417.29970613597675,0
Negative_Control,25,70,343.59,416.13549973463887,0
Negative_Control,26,0,329.22,356.6766829723281,4
Negative_Control,26,40,333.04,370.8303250346788,4
Negative_Control,26,70,329.39,358.01193222349326,4
Negative_Control,27,0,357.65,358.5788620118605,3
Negative_Control,27,40,370.58,349.70752384833236,3
Negative_Control,27,70,365.16,360.0272437528447,3
Negative_Control,28,0,314.51,271.0956335413945,2
Negative_Control,28,40,318.8,269.17499916288335,2
Negative_Control,28,70,331.18,267.40023574982877,2
Negative_Control,29,0,451.15,296.28826738473504,1
Negative_Control,29,40,494.79,296.5103287062926,1
Negative_Control,29,70,473.7,296.3633763611442,1
Negative_Control,30,0,342.49,366.4060898033152,0
Negative_Control,30,40,366.59,369.5106402068828,0
Negative_Control,30,70,365.07,365.58144360236753,0
Negative_Control,31,0,536.28,515.4861489978917,4
Negative_Control,31,40,564.2,521.3612457030184,4
Negative_Control,31,70,563.59,513.750324971377,4
Negative_Control,32,0,340.08,332.66719486544514,3
Negative_Control,32,40,372.06,328.3220496424925,3
Negative_Control,32,70,372.42,335.74500606503653,3
Negative_Control,33,0,313.35,308.00026025246615,2
Negative_Control,33,40,316.22,309.7750236655208,2
Negative_Control,33,70,319.04,308.1218193903466,2
Negative_Control,34,0,507.53,429.04761933212865,1
Negative_Control,34,40,546.12,429.01822886309895,1
Negative_Control,34,70,539.39,429.17497803125724,1
Negative_Control,35,0,373.61,434.4084550640804,0
Negative_Control,35,40,372.41,435.3301184651395,0
Negative_Control,35,70,400.61,434.4569636641361,0
Negative_Control,36,0,374.32,489.54500556308426,4
Negative_Control,36,40,373.72,486.7409821356374,4
Negative_Control,36,70,382.58,493.8178031668128,4
Negative_Control,37,0,418.44,572.1644183335984,3
Negative_Control,37,40,457.21,563.8362233229393,3
Negative_Control,37,70,446.3,558.0426963590025,3
Negative_Control,38,0,290.03,330.48278481281653,2
Negative_Control,38,40,311.73,332.3547955361755,2
Negative_Control,38,70,288.18,329.7777418131099,2
Negative_Control,39,0,335.92,348.1822982296432,1
Negative_Control,39,40,367.25,348.293328890422,1
Negative_Control,39,70,375.82,348.4598748815902,1
Negative_Control,40,0,160.71,291.23419678641744,0
Negative_Control,40,40,176.71,293.9021697894833,0
Negative_Control,40,70,189.42,284.92807877917073,0
Negative_Control,41,0,466.66,434.34243258580295,4
Negative_Control,41,40,463.44,432.7401334844048,4
Negative_Control,41,70,468.27,436.61235631278373,4
Negative_Control,42,0,442.74,412.07187051726487,3
Negative_Control,42,40,459.19,405.19205724758996,3
Negative_Control,42,70,455.51,425.10730618612257,3
Negative_Control,43,0,241.92,367.1324379161938,2
Negative_Control,43,40,277.29,367.9590400537809,2
Negative_Control,43,70,303.35,369.51499701865066,2
Negative_Control,44,0,401.9,299.9948067014908,1
Negative_Control,44,40,408.31,299.8086670643028,1
Negative_Control,44,70,433.39,299.6617147191544,1
Negative_Control,45,0,422.06,353.89849259120115,0
Negative_Control,45,40,434.95,355.256733392762,0
Negative_Control,45,70,423.87,351.03648518791226,0
Negative_Control,46,0,225.45,317.8514602578911,4
Negative_Control,46,40,244.48,313.9792374295122,4
Negative_Control,46,70,244.14,317.18383563230856,4
Negative_Control,47,0,446.35,288.64505283286735,3
Negative_Control,47,40,468.0,280.1358101045852,3
Negative_Control,47,70,463.07,283.39466902179964,3
Negative_Control,48,0,303.77,293.25677834687303,2
Negative_Control,48,40,316.24,293.25677834687303,2
Negative_Control,48,70,330.9,291.8223805198837,2
Negative_Control,49,0,323.73,322.82218111488805,1
Negative_Control,49,40,345.88,322.9038213066372,1
Negative_Control,49,70,334.14,322.8940244836273,1
Negative_Control,50,0,529.32,454.91180839011645,0
Negative_Control,50,40,536.37,451.2251547858799,0
Negative_Control,50,70,508.51,455.5909287908969,0
Negative_Control_Dynamic,1,0,292.97,355.5904067887978,4
Negative_Control_Dynamic,1,40,321.92,355.69633826569594,4
Negative_Control_Dynamic,1,70,329.34,356.5667954398092,4
Negative_Control_Dynamic,2,0,379.02,427.1903261802354,3
Negative_Control_Dynamic,2,40,389.77,428.44405313092255,3
Negative_Control_Dynamic,2,70,411.41,420.1450195928205,3
Negative_Control_Dynamic,3,0,434.77,360.42303227327943,2
Negative_Control_Dynamic,3,40,451.99,362.3617713093672,2
Negative_Control_Dynamic,3,70,446.4,358.2916343513269,2
Negative_Control_Dynamic,4,0,406.06,315.77834167482683,1
Negative_Control_Dynamic,4,40,423.8,321.21101685188904,1
Negative_Control_Dynamic,4,70,414.48,319.6814990913407,1
Negative_Control_Dynamic,5,0,253.71,310.7144771592951,0
Negative_Control_Dynamic,5,40,255.18,312.8760674082364,0
Negative_Control_Dynamic,5,70,259.77,311.395638200938,0
Negative_Control_Dynamic,6,0,344.23,468.11506324135377,4
Negative_Control_Dynamic,6,40,370.0,483.1326600020075,4
Negative_Control_Dynamic,6,70,367.32,476.29357894606943,4
Negative_Control_Dynamic,7,0,173.28,270.4174434912296,3
Negative_Control_Dynamic,7,40,190.98,275.73023458272854,3
Negative_Control_Dynamic,7,70,182.34,293.3210275790207,3
Negative_Control_Dynamic,8,0,245.73,292.3417729615599,2
Negative_Control_Dynamic,8,40,275.79,298.8473289689249,2
Negative_Control_Dynamic,8,70,277.69,291.6912890702083,2
Negative_Control_Dynamic,9,0,471.98,293.5197432490509,1
Negative_Control_Dynamic,9,40,517.73,296.7055768892068,1
Negative_Control_Dynamic,9,70,515.41,296.2311729698644,1
Negative_Control_Dynamic,10,0,369.46,385.79459605747684,0
Negative_Control_Dynamic,10,40,389.72,388.2802456262359,0
Negative_Control_Dynamic,10,70,398.31,388.68147599103315,0
Negative_Control_Dynamic,11,0,360.81,332.027632078188,4
Negative_Control_Dynamic,11,40,373.88,337.7995522939299,4
Negative_Control_Dynamic,11,70,364.12,320.319548485646,4
Negative_Control_Dynamic,12,0,518.11,418.6604838782852,3
Negative_Control_Dynamic,12,40,516.21,425.88991557717407,3
Negative_Control_Dynamic,12,70,520.46,430.9470745712082,3
Negative_Control_Dynamic,13,0,414.97,451.46398679254304,2
Negative_Control_Dynamic,13,40,453.56,460.5447558104279,2
Negative_Control_Dynamic,13,70,449.17,452.6922647964951,2
Negative_Control_Dynamic,14,0,343.82,386.9364754904615,1
Negative_Control_Dynamic,14,40,375.99,392.17972565244065,1
Negative_Control_Dynamic,14,70,370.75,388.5203715906716,1
Negative_Control_Dynamic,15,0,380.38,405.4291406437003,0
Negative_Control_Dynamic,15,40,406.48,413.57906461984,0
Negative_Control_Dynamic,15,70,390.01,408.67198209767497,0
Negative_Control_Dynamic,16,0,206.64,449.30927962133717,4
Negative_Control_Dynamic,16,40,226.78,462.08184039147653,4
Negative_Control_Dynamic,16,70,214.95,451.92804099983744,4
Negative_Control_Dynamic,17,0,414.42,307.0644941117058,3
Negative_Control_Dynamic,17,40,420.78,323.0624271791955,3
Negative_Control_Dynamic,17,70,428.23,302.7024473243299,3
Negative_Control_Dynamic,18,0,187.22,304.91928794052745,2
Negative_Control_Dynamic,18,40,196.63,307.90313835341254,2
Negative_Control_Dynamic,18,70,211.2,310.0200380256452,2
Negative_Control_Dynamic,19,0,370.0,405.5932759763175,1
Negative_Control_Dynamic,19,40,383.94,408.68637468486156,1
Negative_Control_Dynamic,19,70,378.37,407.2097066129674,1
Negative_Control_Dynamic,20,0,211.11,257.01139338460473,0
Negative_Control_Dynamic,20,40,224.1,261.26845693145634,0
Negative_Control_Dynamic,20,70,211.48,262.1222997266155,0
Negative_Control_Dynamic,21,0,124.29,294.61369081552664,4
Negative_Control_Dynamic,21,40,157.7,308.34629058552986,4
Negative_Control_Dynamic,21,70,168.05,295.4865714754817,4
Negative_Control_Dynamic,22,0,202.72,207.81241625317915,3
Negative_Control_Dynamic,22,40,223.84,212.72368779491774,3
Negative_Control_Dynamic,22,70,225.95,215.46677696326998,3
Negative_Control_Dynamic,23,0,409.41,409.55607853362335,2
Negative_Control_Dynamic,23,40,458.79,415.32135323771536,2
Negative_Control_Dynamic,23,70,445.91,414.0222777446135,2
Negative_Control_Dynamic,24,0,186.59,273.15616612008546,1
Negative_Control_Dynamic,24,40,213.17,274.653755969407,1
Negative_Control_Dynamic,24,70,218.1,273.713450707539,1
Negative_Control_Dynamic,25,0,324.23,414.2430847295217,0
Negative_Control_Dynamic,25,40,334.46,420.8884628143446,0
Negative_Control_Dynamic,25,70,343.59,413.0495355679529,0
Negative_Control_Dynamic,26,0,329.22,354.2150720420769,4
Negative_Control_Dynamic,26,40,333.04,381.5158021249569,4
Negative_Control_Dynamic,26,70,329.39,357.4847989874632,4
Negative_Control_Dynamic,27,0,357.65,351.31708217284614,3
Negative_Control_Dynamic,27,40,370.58,356.1408860034888,3
Negative_Control_Dynamic,27,70,365.16,359.6310056591964,3
Negative_Control_Dynamic,28,0,314.51,270.8952439182331,2
Negative_Control_Dynamic,28,40,318.8,272.5983632883453,2
Negative_Control_Dynamic,28,70,331.18,267.45588866046916,2
Negative_Control_Dynamic,29,0,451.15,294.1740745047254,1
Negative_Control_Dynamic,29,40,494.79,299.7004523433171,1
Negative_Control_Dynamic,29,70,473.7,296.0014128549755,1
Negative_Control_Dynamic,30,0,342.49,363.21284750811117,0
Negative_Control_Dynamic,30,40,366.59,370.91122324186864,0
Negative_Control_Dynamic,30,70,365.07,364.96488978168304,0
Negative_Control_Dynamic,31,0,536.28,511.1002034219977,4
Negative_Control_Dynamic,31,40,564.2,522.4693814789605,4
Negative_Control_Dynamic,31,70,563.59,509.7798020869666,4
Negative_Control_Dynamic,32,0,340.08,329.1125209031972,3
Negative_Control_Dynamic,32,40,372.06,335.38443726213995,3
Negative_Control_Dynamic,32,70,372.42,329.41852310437275,3
Negative_Control_Dynamic,33,0,313.35,306.2218771265101,2
Negative_Control_Dynamic,33,40,316.22,315.1870109908845,2
Negative_Control_Dynamic,33,70,319.04,307.48284493660776,2
Negative_Control_Dynamic,34,0,507.53,427.9654319028482,1
Negative_Control_Dynamic,34,40,546.12,434.8980163458335,1
Negative_Control_Dynamic,34,70,539.39,429.8596063214361,1
Negative_Control_Dynamic,35,0,373.61,433.87644918818853,0
Negative_Control_Dynamic,35,40,372.41,433.88545091960475,0
Negative_Control_Dynamic,35,70,400.61,435.5240550352345,0
Negative_Control_Dynamic,36,0,374.32,483.45099098111245,4
Negative_Control_Dynamic,36,40,373.72,484.76989901697914,4
Negative_Control_Dynamic,36,70,382.58,490.2130852350498,4
Negative_Control_Dynamic,37,0,418.44,566.2383117486912,3
Negative_Control_Dynamic,37,40,457.21,584.0186680645279,3
Negative_Control_Dynamic,37,70,446.3,550.1272906800139,3
Negative_Control_Dynamic,38,0,290.03,329.09242139742787,2
Negative_Control_Dynamic,38,40,311.73,334.0883566774008,2
Negative_Control_Dynamic,38,70,288.18,328.47886999332803,2
Negative_Control_Dynamic,39,0,335.92,347.9966383565808,1
Negative_Control_Dynamic,39,40,367.25,350.9369558506031,1
Negative_Control_Dynamic,39,70,375.82,344.85256403909096,1
Negative_Control_Dynamic,40,0,160.71,288.2375594905928,0
Negative_Control_Dynamic,40,40,176.71,299.57039720428895,0
Negative_Control_Dynamic,40,70,189.42,285.620348421221,0
Negative_Control_Dynamic,41,0,466.66,430.9357958549416,4
Negative_Control_Dynamic,41,40,463.44,436.4862660709531,4
Negative_Control_Dynamic,41,70,468.27,433.88550980037326,4
Negative_Control_Dynamic,42,0,442.74,408.39405431007094,3
Negative_Control_Dynamic,42,40,459.19,414.9940419794536,3
Negative_Control_Dynamic,42,70,455.51,430.35984278865755,3
Negative_Control_Dynamic,43,0,241.92,365.4852441096462,2
Negative_Control_Dynamic,43,40,277.29,371.38112514441735,2
Negative_Control_Dynamic,43,70,303.35,368.48296695089914,2
Negative_Control_Dynamic,44,0,401.9,296.46699141224565,1
Negative_Control_Dynamic,44,40,408.31,300.47401265442494,1
Negative_Control_Dynamic,44,70,433.39,300.22216773576076,1
Negative_Control_Dynamic,45,0,422.06,351.7667003886253,0
Negative_Control_Dynamic,45,40,434.95,360.7319956575751,0
Negative_Control_Dynamic,45,70,423.87,349.33626570380306,0
Negative_Control_Dynamic,46,0,225.45,312.16151599478223,4
Negative_Control_Dynamic,46,40,244.48,321.5027689415893,4
Negative_Control_Dynamic,46,70,244.14,318.88986136111185,4
Negative_Control_Dynamic,47,0,446.35,284.25425805957093,3
Negative_Control_Dynamic,47,40,468.0,276.6295462205287,3
Negative_Control_Dynamic,47,70,463.07,284.6392777335853,3
Negative_Control_Dynamic,48,0,303.77,290.5319178082178,2
Negative_Control_Dynamic,48,40,316.24,295.1730424505505,2
Negative_Control_Dynamic,48,70,330.9,290.89203964486813,2
Negative_Control_Dynamic,49,0,323.73,322.0323829855668,1
Negative_Control_Dynamic,49,40,345.88,323.50530289804425,1
Negative_Control_Dynamic,49,70,334.14,323.23644564968913,1
Negative_Control_Dynamic,50,0,529.32,453.59031378396105,0
Negative_Control_Dynamic,50,40,536.37,450.8638452951386,0
Negative_Control_Dynamic,50,70,508.51,455.39005733157956,0
