model_A,model_B,metric,point_delta,ci_low,ci_high,p_A_better,ci_excludes_zero,n_boot,n_paired,n_subjects,seed
Simple,Negative_Control,r2,-0.01378581268753587,-0.24463925129499364,0.25943361129372045,0.462,False,1000,150,50,42
Simple,Negative_Control,mae,3.179882851780448,-7.626206470743054,14.90170721225154,0.308,False,1000,150,50,42
Simple,Negative_Control_Dynamic,r2,-0.010936522909838708,-0.24590341592450923,0.27023059007561406,0.473,False,1000,150,50,42
Simple,Negative_Control_Dynamic,mae,3.259827640353322,-7.509653371940281,15.006814122279946,0.303,False,1000,150,50,42
Simple,Ridge,r2,0.041502191793992727,-0.19265058543260416,0.36396743182236135,0.623,False,1000,150,50,42
Simple,Ridge,mae,1.728638339351221,-9.520803662442242,12.675406739826025,0.403,False,1000,150,50,42
Multi,Negative_Control,r2,0.005385634881415968,-0.22235268834042937,0.2578625531898112,0.524,False,1000,150,50,42
Multi,Negative_Control,mae,1.8325267205810434,-8.782476132008108,13.964724575782789,0.383,False,1000,150,50,42
Multi,Negative_Control_Dynamic,r2,0.00823492465911313,-0.22052755992247403,0.2659468092807129,0.533,False,1000,150,50,42
Multi,Negative_Control_Dynamic,mae,1.9124715091539173,-8.806201118967538,13.87348091952603,0.377,False,1000,150,50,42
Multi,Simple,r2,0.019171447568951838,-0.019193924364124166,0.05516537548737545,0.841,False,1000,150,50,42
Multi,Simple,mae,-1.3473561311994047,-3.1118976936494436,0.5331022314925212,0.897,False,1000,150,50,42
Multi,Ridge,r2,0.060673639362944565,-0.17130273307123645,0.36565314851221514,0.69,False,1000,150,50,42
Multi,Ridge,mae,0.38128220815181635,-9.877292339731513,11.492687219734911,0.478,False,1000,150,50,42
Ridge,Negative_Control,r2,-0.055288004481528596,-0.24005295556914782,0.0747605532321333,0.225,False,1000,150,50,42
Ridge,Negative_Control,mae,1.451244512429227,-5.476432369727013,8.789954035948485,0.34,False,1000,150,50,42
Ridge,Negative_Control_Dynamic,r2,-0.052438714703831435,-0.23792311752544637,0.07685206750232104,0.244,False,1000,150,50,42
Ridge,Negative_Control_Dynamic,mae,1.531189301002101,-5.4801775733145925,8.808634276905646,0.337,False,1000,150,50,42
Ridge,Simple,r2,-0.041502191793992727,-0.3639674318223614,0.19265058543260413,0.377,False,1000,150,50,42
Ridge,Simple,mae,-1.728638339351221,-12.675406739826027,9.520803662442239,0.597,False,1000,150,50,42
Lasso,Negative_Control,r2,-0.06561739947585943,-0.25635961338778374,0.0721701591226417,0.195,False,1000,150,50,42
Lasso,Negative_Control,mae,1.7566137521555447,-5.264709049999403,9.378636010131055,0.318,False,1000,150,50,42
Lasso,Negative_Control_Dynamic,r2,-0.06276810969816227,-0.2558404684909367,0.07305335452568851,0.21,False,1000,150,50,42
Lasso,Negative_Control_Dynamic,mae,1.8365585407284186,-5.249378641219493,9.36440027858786,0.312,False,1000,150,50,42
Lasso,Simple,r2,-0.05183158678832356,-0.38741735277270567,0.19035951827845854,0.355,False,1000,150,50,42
Lasso,Simple,mae,-1.4232690996249033,-12.55926886089463,9.791237513231868,0.586,False,1000,150,50,42
Lasso,Ridge,r2,-0.010329394994330832,-0.02696382040425936,0.0011929445176720997,0.053,False,1000,150,50,42
Lasso,Ridge,mae,0.3053692397263177,-0.1081731890969678,0.7258129874757057,0.077,False,1000,150,50,42
Causal_ML,Negative_Control,r2,0.06863275113073586,-0.04487168297983623,0.17949644464154182,0.897,False,1000,150,50,42
Causal_ML,Negative_Control,mae,-5.735406780452486,-13.012981161260308,0.9847901213925655,0.952,False,1000,150,50,42
Causal_ML,Negative_Control_Dynamic,r2,0.07148204090843302,-0.04598372551155652,0.18649395836398155,0.903,False,1000,150,50,42
Causal_ML,Negative_Control_Dynamic,mae,-5.655461991879612,-13.172237801948693,1.2651221302486881,0.942,False,1000,150,50,42
Causal_ML,Simple,r2,0.08241856381827173,-0.1840082543169036,0.30584418812001746,0.752,False,1000,150,50,42
Causal_ML,Simple,mae,-8.915289632232934,-21.10978439578687,2.803671997559494,0.932,False,1000,150,50,42
Causal_ML,Ridge,r2,0.12392075561226445,0.02767980111773349,0.25123244066161754,0.997,True,1000,150,50,42
Causal_ML,Ridge,mae,-7.186651292881713,-12.786805707011869,-2.0580299334486547,0.996,True,1000,150,50,42
Negative_Control,Negative_Control_Dynamic,r2,0.0028492897776971615,-0.005690599062643742,0.011269302317696352,0.757,False,1000,150,50,42
Negative_Control,Negative_Control_Dynamic,mae,0.0799447885728739,-0.4583503148249413,0.5669577375461736,0.417,False,1000,150,50,42
Negative_Control,Simple,r2,0.01378581268753587,-0.2594336112937205,0.24463925129499361,0.538,False,1000,150,50,42
Negative_Control,Simple,mae,-3.179882851780448,-14.90170721225154,7.626206470743051,0.692,False,1000,150,50,42
Negative_Control,Ridge,r2,0.055288004481528596,-0.07476055323213332,0.24005295556914777,0.775,False,1000,150,50,42
Negative_Control,Ridge,mae,-1.451244512429227,-8.789954035948487,5.476432369727013,0.66,False,1000,150,50,42
Negative_Control_Dynamic,Negative_Control,r2,-0.0028492897776971615,-0.011269302317696354,0.005690599062643739,0.243,False,1000,150,50,42
Negative_Control_Dynamic,Negative_Control,mae,-0.0799447885728739,-0.5669577375461736,0.45835031482494126,0.583,False,1000,150,50,42
Negative_Control_Dynamic,Simple,r2,0.010936522909838708,-0.2702305900756141,0.2459034159245092,0.527,False,1000,150,50,42
Negative_Control_Dynamic,Simple,mae,-3.259827640353322,-15.006814122279948,7.50965337194028,0.697,False,1000,150,50,42
Negative_Control_Dynamic,Ridge,r2,0.052438714703831435,-0.07685206750232104,0.23792311752544634,0.756,False,1000,150,50,42
Negative_Control_Dynamic,Ridge,mae,-1.531189301002101,-8.808634276905646,5.480177573314591,0.663,False,1000,150,50,42
